"246","Banco ABC Brasil S.A.","www.abcbrasil.com.br"
"025","Banco Alfa S.A.","www.bancoalfa.com.br"
"641","Banco Alvorada S.A.","N?o possui site"
"029","Banco Banerj S.A.","www.banerj.com.br"
"000","Banco Bankpar S.A.","www.aexp.com"
"740","Banco Barclays S.A.","www.barclays.com"
"107","Banco BBM S.A.","www.bbmbank.com.br"
"031","Banco Beg S.A.","www.itau.com.br"
"739","Banco BGN S.A.","www.bgn.com.br"
"096","Banco BM&F de Servi?os de Liquida??o e Cust?dia S.A","www.bmf.com.br"
"318","Banco BMG S.A.","www.bancobmg.com.br"
"752","Banco BNP Paribas Brasil S.A.","www.bnpparibas.com.br"
"248","Banco Boavista Interatl?ntico S.A.","n?o possui site"
"218","Banco Bonsucesso S.A.","www.bancobonsucesso.com.br"
"036","Banco Bradesco BBI S.A.","N?o possui site"
"204","Banco Bradesco Cart?es S.A.","www.iamex.com.br"
"394","Banco Bradesco Financiamentos S.A.","www.bmc.com.br"
"237","Banco Bradesco S.A.","www.bradesco.com.br"
"225","Banco Brascan S.A.","www.bancobrascan.com.br"
"208","Banco BTG Pactual S.A.","www.pactual.com.br"
"044","Banco BVA S.A.","www.bancobva.com.br"
"263","Banco Cacique S.A.","www.bancocacique.com.br"
"473","Banco Caixa Geral - Brasil S.A.",
"040","Banco Cargill S.A.","www.bancocargill.com.br"
"745","Banco Citibank S.A.","www.citibank.com.br"
"M08","Banco Citicard S.A.","www.credicardbanco.com.br"
"M19","Banco CNH Capital S.A.","www.bancocnh.com.br"
"215","Banco Comercial e de Investimento Sudameris S.A.","www.sudameris.com.br"
"756","Banco Cooperativo do Brasil S.A. - BANCOOB","www.bancoob.com.br"
"748","Banco Cooperativo Sicredi S.A.","www.sicredi.com.br"
"222","Banco Credit Agricole Brasil S.A.","www.calyon.com.br"
"505","Banco Credit Suisse (Brasil) S.A.","www.csfb.com"
"229","Banco Cruzeiro do Sul S.A.","www.bcsul.com.br"
"003","Banco da Amaz?nia S.A.","www.bancoamazonia.com.br"
"083-3","Banco da China Brasil S.A.",
"707","Banco Daycoval S.A.","www.daycoval.com.br"
"M06","Banco de Lage Landen Brasil S.A.","www.delagelanden.com"
"024","Banco de Pernambuco S.A. - BANDEPE","www.bandepe.com.br"
"456","Banco de Tokyo-Mitsubishi UFJ Brasil S.A.","www.btm.com.br"
"214","Banco Dibens S.A.","www.bancodibens.com.br"
"001","Banco do Brasil S.A.","www.bb.com.br"
"047","Banco do Estado de Sergipe S.A.","www.banese.com.br"
"037","Banco do Estado do Par? S.A.","www.banparanet.com.br"
"041","Banco do Estado do Rio Grande do Sul S.A.","www.banrisul.com.br"
"004","Banco do Nordeste do Brasil S.A.","www.banconordeste.gov.br"
"265","Banco Fator S.A.","www.bancofator.com.br"
"M03","Banco Fiat S.A.","www.bancofiat.com.br"
"224","Banco Fibra S.A.","www.bancofibra.com.br"
"626","Banco Ficsa S.A.","www.ficsa.com.br"
"M18","Banco Ford S.A.","www.bancoford.com.br"
"233","Banco GE Capital S.A.","www.ge.com.br"
"M07","Banco GMAC S.A.","www.bancogm.com.br"
"612","Banco Guanabara S.A.","www.bcoguan.com.br"
"M22","Banco Honda S.A.","www.bancohonda.com.br"
"063","Banco Ibi S.A. Banco M?ltiplo","www.ibi.com.br"
"M11","Banco IBM S.A.","www.ibm.com/br/financing/"
"604","Banco Industrial do Brasil S.A.","www.bancoindustrial.com.br"
"320","Banco Industrial e Comercial S.A.","www.bicbanco.com.br"
"653","Banco Indusval S.A.","www.indusval.com.br"
"249","Banco Investcred Unibanco S.A.","N?o possui site"
"184","Banco Ita? BBA S.A.","www.itaubba.com.br"
"479","Banco Ita?Bank S.A","www.itaubank.com.br"
"M09","Banco Itaucred Financiamentos S.A.","www.itaucred.com.br"
"376","Banco J. P. Morgan S.A.","www.jpmorgan.com"
"074","Banco J. Safra S.A.","www.jsafra.com.br"
"217","Banco John Deere S.A.","www.johndeere.com.br"
"065","Banco Lemon S.A.","www.lemon.com"
"600","Banco Luso Brasileiro S.A.","www.lusobrasileiro.com.br"
"389","Banco Mercantil do Brasil S.A.","www.mercantil.com.br"
"755","Banco Merrill Lynch de Investimentos S.A.","www.ml.com"
"746","Banco Modal S.A.","www.bancomodal.com.br"
"045","Banco Opportunity S.A.","www.opportunity.com.br"
"623","Banco Panamericano S.A.","www.panamericano.com.br"
"611","Banco Paulista S.A.","www.bancopaulista.com.br"
"643","Banco Pine S.A.","www.bancopine.com.br"
"638","Banco Prosper S.A.","www.bancoprosper.com.br"
"747","Banco Rabobank International Brasil S.A.","www.rabobank.com.br"
"633","Banco Rendimento S.A.","www.rendimento.com.br"
"M16","Banco Rodobens S.A.","www.rodobens.com.br"
"072","Banco Rural Mais S.A.","www.rural.com.br"
"453","Banco Rural S.A.","www.rural.com.br"
"422","Banco Safra S.A.","www.safra.com.br"
"033","Banco Santander (Brasil) S.A.","www.santander.com.br"
"250","Banco Schahin S.A.","www.bancoschahin.com.br"
"749","Banco Simples S.A.","www.bancosimples.com.br"
"366","Banco Soci?t? G?n?rale Brasil S.A.","www.sgbrasil.com.br"
"637","Banco Sofisa S.A.","www.sofisa.com.br"
"012","Banco Standard de Investimentos S.A.","www.standardbank.com"
"464","Banco Sumitomo Mitsui Brasileiro S.A.","n?o possue site"
"082-5","Banco Top?zio S.A.","www.bancotopazio.com.br"
"M20","Banco Toyota do Brasil S.A.","www.bancotoyota.com.br"
"634","Banco Tri?ngulo S.A.","www.tribanco.com.br"
"M14","Banco Volkswagen S.A.","www.bancovw.com.br"
"M23","Banco Volvo (Brasil) S.A.","N?o possui site"
"655","Banco Votorantim S.A.","www.bancovotorantim.com.br"
"610","Banco VR S.A.","www.vr.com.br"
"370","Banco WestLB do Brasil S.A.","www.westlb.com.br"
"021","BANESTES S.A. Banco do Estado do Esp?rito Santo","www.banestes.com.br"
"719","Banif-Banco Internacional do Funchal (Brasil)S.A.","www.banif.com.br"
"073","BB Banco Popular do Brasil S.A.","www.bancopopulardobrasil.com.br"
"078","BES Investimento do Brasil S.A.-Banco de Investimento","www.besinvestimento.com.br"
"069","BPN Brasil Banco M?ltiplo S.A.","www.bpnbrasil.com.br"
"070","BRB - Banco de Bras?lia S.A.","www.brb.com.br"
"104","Caixa Econ?mica Federal","www.caixa.gov.br"
"477","Citibank N.A.","www.citibank.com/brasil"
"081-7","Conc?rdia Banco S.A.","www.concordiabanco.com"
"487","Deutsche Bank S.A. - Banco Alem?o","www.deutsche-bank.com.br"
"751","Dresdner Bank Brasil S.A. - Banco M?ltiplo","www.dkib.com.br"
"064","Goldman Sachs do Brasil Banco M?ltiplo S.A.","www.goldmansachs.com"
"062","Hipercard Banco M?ltiplo S.A.","www.hipercard.com.br"
"399","HSBC Bank Brasil S.A. - Banco M?ltiplo","www.hsbc.com.br"
"492","ING Bank N.V.","www.ing.com"
"652","Ita? Unibanco Holding S.A.","www.itau.com.br"
"341","Ita? Unibanco S.A.","www.itau.com.br"
"488","JPMorgan Chase Bank","www.jpmorganchase.com"
"409","UNIBANCO - Uni?o de Bancos Brasileiros S.A.","www.unibanco.com.br"
"230","Unicard Banco M?ltiplo S.A.","www.unicard.com.br"
